{
	"state": 1,
	"msg": "获取文章列表成功",
	"data": [
		{
			"gid": "326",
			"title": "可道云缓存未清理造成Linux服务器根目录异常爆满",
			"date": "2019-01-09 18:23",
			"author": "1",
			"nickname": "赵士柱",
			"sortid": "9",
			"sortname": "Linux",
			"views": "6536",
			"comnum": "0",
			"top": "n",
			"sortop": "n",
			"imgs": [
				"https:\/\/www.zcjun.com\/content\/uploadfile\/201901\/7b4a1547005129.png",
				"https:\/\/www.zcjun.com\/content\/uploadfile\/201901\/beee1547003639.png",
				"https:\/\/www.zcjun.com\/content\/uploadfile\/201901\/b7e61547003639.png"
			]
		}, {
			"gid": "324",
			"title": "Linux CentOS下安装node.js-直接部署+编译安装",
			"date": "2019-01-08 00:48",
			"author": "1",
			"nickname": "赵士柱",
			"sortid": "9",
			"sortname": "Linux",
			"views": "7373",
			"comnum": "0",
			"top": "n",
			"sortop": "n",
			"imgs": [
				"https:\/\/www.zcjun.com\/content\/uploadfile\/201901\/9b891546851204.png"
			]
		}, {
			"gid": "239",
			"title": "警告消息： \/bin\/sh: \/etc\/init.d\/nginx: No such file or directory-云锁:不是我的锅",
			"date": "2018-11-17 06:01",
			"author": "1",
			"nickname": "赵士柱",
			"sortid": "9",
			"sortname": "Linux",
			"views": "4642",
			"comnum": "2",
			"top": "n",
			"sortop": "n",
			"imgs": [
				"https:\/\/www.zcjun.com\/content\/uploadfile\/201811\/f3cc1542378399.jpg",
				"https:\/\/www.zcjun.com\/content\/uploadfile\/201811\/15601542378414.jpg",
				"https:\/\/www.zcjun.com\/content\/uploadfile\/201811\/807f1542378414.png"
			]
		}, {
			"gid": "62",
			"title": "vim常用命令整理",
			"date": "2018-05-17 21:14",
			"author": "1",
			"nickname": "赵士柱",
			"sortid": "9",
			"sortname": "Linux",
			"views": "9911",
			"comnum": "0",
			"top": "n",
			"sortop": "n",
			"imgs": [
				"https:\/\/www.zcjun.com\/content\/uploadfile\/201805\/72511526534789.png"
			]
		}, {
			"gid": "61",
			"title": "Deepin Linux 安装JDK的方法",
			"date": "2018-05-17 20:09",
			"author": "1",
			"nickname": "赵士柱",
			"sortid": "9",
			"sortname": "Linux",
			"views": "3466",
			"comnum": "0",
			"top": "n",
			"sortop": "n",
			"imgs": [
				"https:\/\/www.zcjun.com\/content\/uploadfile\/201805\/5f021526532826.png",
				"https:\/\/www.zcjun.com\/content\/uploadfile\/201805\/36361526533090.png"
			]
		}, {
			"gid": "60",
			"title": "WebStorm2018.1汉化包-以及win\/linux下的汉化方法",
			"date": "2018-05-16 19:14",
			"author": "1",
			"nickname": "赵士柱",
			"sortid": "9",
			"sortname": "Linux",
			"views": "5807",
			"comnum": "6",
			"top": "n",
			"sortop": "n",
			"imgs": [
				"https:\/\/www.zcjun.com\/content\/uploadfile\/201805\/74441526440909.png",
				"https:\/\/www.zcjun.com\/content\/uploadfile\/201805\/a7d11526442057.png",
				"https:\/\/www.zcjun.com\/content\/uploadfile\/201805\/65b81526442077.png"
			]
		}, {
			"gid": "59",
			"title": "deepin-linux常用命令大全----每天一个linux命令",
			"date": "2018-05-16 18:34",
			"author": "1",
			"nickname": "赵士柱",
			"sortid": "9",
			"sortname": "Linux",
			"views": "8541",
			"comnum": "0",
			"top": "n",
			"sortop": "n",
			"imgs": [
				"https:\/\/www.zcjun.com\/content\/uploadfile\/201805\/62411526439051.png"
			]
		}, {
			"gid": "45",
			"title": "deepin linux添加校正终端命令输入的功能-----安装thefuck",
			"date": "2018-05-09 06:56",
			"author": "1",
			"nickname": "赵士柱",
			"sortid": "9",
			"sortname": "Linux",
			"views": "9645",
			"comnum": "1",
			"top": "n",
			"sortop": "n",
			"imgs": [
				"https:\/\/www.zcjun.com\/content\/uploadfile\/201805\/4a471525945330.png",
				"https:\/\/www.zcjun.com\/content\/uploadfile\/201805\/fb5c1525945330.png",
				"https:\/\/www.zcjun.com\/content\/uploadfile\/201805\/10fb1525945330.png"
			]
		}, {
			"gid": "34",
			"title": "怎么制作linux系统启动盘以及通过U盘启动来安装linux系统（文中以deepin操作系统为例）",
			"date": "2018-05-02 00:26",
			"author": "1",
			"nickname": "赵士柱",
			"sortid": "9",
			"sortname": "Linux",
			"views": "9745",
			"comnum": "0",
			"top": "n",
			"sortop": "n",
			"imgs": [
				"https:\/\/www.zcjun.com\/content\/uploadfile\/201805\/4a471525163576.png",
				"https:\/\/www.zcjun.com\/content\/uploadfile\/201805\/23351525163576.png",
				"https:\/\/www.zcjun.com\/content\/uploadfile\/201805\/5a561525163577.png"
			]
		}, {
			"gid": "30",
			"title": "CentOS7无法使用yum下载命令的解决方法---以及无法使用鼠标选中，复制的问题",
			"date": "2018-04-25 05:17",
			"author": "1",
			"nickname": "赵士柱",
			"sortid": "9",
			"sortname": "Linux",
			"views": "7865",
			"comnum": "1",
			"top": "n",
			"sortop": "n",
			"imgs": [
				"https:\/\/www.zcjun.com\/content\/uploadfile\/201804\/ffad1524578311.jpg"
			]
		}
	]
}